customer_id,name,email,created_at
1,Patricia Morris,brownrobert@example.com,2024-12-18T06:22:45
2,Kelsey Hartman,danavalencia@example.com,2024-02-21T15:58:08
3,Dustin Wang,matthewvazquez@example.org,2024-11-02T05:51:59
4,Erica Reeves,frederick75@example.net,2024-11-09T07:48:26
5,Diana Vega,april55@example.org,2024-08-01T20:51:56
6,Richard Moore,jenkinschelsey@example.org,2025-03-10T23:55:16
7,Mr. Oscar Waters,eallen@example.org,2024-10-27T05:32:48
8,Julia Sweeney,alexhill@example.org,2024-04-11T07:12:55
9,Jonathan Mcdaniel,timothygriffin@example.net,2024-05-08T11:54:48
10,Todd Patton,jwall@example.org,2024-07-15T16:19:38
11,Julia Walker,patriciabennett@example.com,2025-01-19T17:23:07
12,Alison Garrett,katrina44@example.org,2025-01-03T23:24:07
13,Angela Gilbert,tfranklin@example.com,2025-08-02T23:44:01
14,Robert Aguirre,jwhite@example.com,2025-06-23T19:34:57
15,James Stein,donald25@example.net,2023-10-14T14:58:23
16,Brian David,christina33@example.net,2024-04-01T06:30:48
17,Jessica Miller,wongcameron@example.com,2023-12-06T06:48:53
18,Sandra Boyd,bergmichael@example.org,2024-11-13T04:41:43
19,Matthew Johnson,nicholescott@example.org,2025-07-10T08:03:00
20,Rachel Johns,thomasmiller@example.com,2024-11-30T15:44:55
21,Nicole Higgins,christopher10@example.com,2025-05-10T19:53:56
22,Hailey Johnson,brittanymoore@example.org,2024-05-29T20:02:50
23,Samantha Johnson,moniquebrown@example.com,2025-08-22T00:56:22
24,Nicholas Mcdaniel,nhodges@example.net,2025-09-29T15:06:25
25,Sandy Nichols,christine02@example.com,2024-08-20T04:34:27
26,Keith Byrd MD,davidjones@example.net,2025-02-21T15:55:35
27,Christina Smith,marciawilkerson@example.org,2023-11-17T18:08:21
28,Laura Parker,whudson@example.com,2023-10-29T01:45:59
29,Jeremy Griffith,marilyn86@example.net,2024-03-29T21:05:28
30,Jonathan Tate,ryanschultz@example.org,2025-06-24T13:49:10
31,Scott Thomas,johnsosa@example.org,2024-08-16T12:39:35
32,Brittney Curry,xbarker@example.com,2024-03-01T04:07:07
33,Sarah Moreno,joshuaknapp@example.net,2025-10-07T00:13:01
34,Maria Kelly,fperry@example.org,2024-11-19T12:39:25
35,Kimberly Miller,ashley25@example.net,2025-03-12T06:54:18
36,Nicole Smith,brockamanda@example.com,2025-09-01T23:15:53
37,Dillon Mathis,anthonycosta@example.org,2024-01-11T18:54:15
38,Ricardo Camacho,dgrant@example.org,2024-04-26T03:03:45
39,Terry Roberts,qfowler@example.net,2024-05-20T10:50:01
40,Thomas Mack,thomas01@example.com,2024-02-19T20:13:30
41,David Mercado,marybrown@example.org,2025-05-28T00:52:25
42,Christopher Gordon,jeffrey71@example.net,2025-01-30T09:35:16
43,Casey Pope,bmorrow@example.com,2025-03-03T15:37:42
44,Stephanie Perez,rhonda87@example.org,2024-10-28T15:31:39
45,Brian Hansen,gonzalesphilip@example.com,2023-11-09T14:59:02
46,Sandra Briggs,andrewpalmer@example.net,2024-01-03T13:29:33
47,Erika Woods,jamesrobinson@example.net,2025-04-07T19:38:28
48,Aaron Malone,hlucero@example.com,2025-05-16T22:31:30
49,Daniel Edwards,emcclure@example.com,2025-07-13T00:57:38
50,Anthony Baker,megan92@example.org,2025-02-27T03:03:55
51,Mark Warner,michael13@example.org,2025-09-22T22:48:45
52,Cindy Wilson,jennifer64@example.net,2025-09-16T06:40:15
53,Aaron Robinson,franklinmary@example.net,2024-03-29T03:16:07
54,Marie King,collinsmatthew@example.com,2024-09-18T20:39:59
55,Brittany Kelley,rodriguezbrandon@example.net,2024-02-23T22:23:59
56,Daniel Anderson,wgreen@example.org,2023-11-15T19:49:10
57,Sherri Meyer,ccampbell@example.com,2024-12-16T23:58:53
58,Robin Peterson,oconnorelizabeth@example.net,2024-06-02T01:05:06
59,Crystal Reed,samuel97@example.com,2025-07-31T13:23:24
60,Alex Mann,laura27@example.net,2024-07-30T17:30:57
61,Kyle Hernandez,steven38@example.net,2025-01-16T02:06:21
62,Mrs. Holly Jones,josephmcdonald@example.com,2024-03-24T22:49:21
63,Linda Boyd,johnsonstephanie@example.net,2025-01-31T06:47:56
64,Katherine Miller,matthew11@example.com,2025-02-23T01:11:57
65,Joseph Holloway,michael90@example.org,2024-10-24T07:48:43
66,Ms. Jennifer Bishop,sbuchanan@example.org,2025-07-03T03:03:39
67,Jerry Singh,cbruce@example.com,2025-03-12T12:38:56
68,Timothy Wolfe,maxguerra@example.com,2024-03-04T21:10:27
69,Jonathan Kelley,traciprice@example.org,2023-12-16T15:14:08
70,Gina Johnson,vsutton@example.net,2024-10-24T04:26:08
71,Robert Henry,amy02@example.net,2025-04-01T01:23:35
72,Mark Webster,aprilpena@example.com,2024-08-04T12:58:05
73,Alyssa Wood,kelly29@example.net,2024-12-23T20:50:24
74,Dorothy Smith,brownkaitlin@example.com,2025-04-20T23:07:27
75,Ms. Melissa Rodriguez,wkirby@example.com,2024-03-03T04:54:15
76,Joseph Clayton,youngdavid@example.org,2025-06-03T08:21:55
77,Amy Glenn,pwade@example.org,2025-05-24T13:12:30
78,Jasmine Brown,yeseniawashington@example.com,2024-07-18T13:29:05
79,Joseph Torres,floreskelsey@example.com,2025-07-13T21:49:47
80,Jennifer Smith,billyflynn@example.com,2025-04-10T12:28:29
81,Toni Jones,acampbell@example.net,2024-12-24T18:23:45
82,John Holt,omartinez@example.org,2025-04-23T21:50:14
83,Lauren Smith,rowestephen@example.net,2024-03-25T12:40:46
84,Dawn Lewis,brownmarisa@example.org,2024-02-12T06:12:15
85,Daniel Burnett DDS,jenniferhernandez@example.com,2024-02-14T00:31:56
86,Kayla Johnson,alyssa04@example.net,2025-08-30T12:09:48
87,Joseph Adams,wilsonmichael@example.net,2025-08-14T20:51:21
88,Tracy Webb,ibrown@example.net,2024-12-25T17:59:13
89,Jose Cameron,lmurray@example.org,2024-09-23T08:30:44
90,Robert Scott,dannydudley@example.com,2024-01-07T19:48:41
91,Ruth Brooks,tfranco@example.org,2023-12-08T12:35:28
92,Teresa Brown,michael53@example.org,2024-02-12T03:35:08
93,Dr. Jane Stewart DVM,kellybailey@example.org,2025-06-13T17:05:09
94,Jennifer Acosta,ayalatonya@example.com,2024-04-14T07:06:35
95,Shawn Banks,reginawilliams@example.com,2024-05-17T07:04:49
96,Kyle Galloway,stephanie49@example.org,2024-11-05T11:34:57
97,Gina Mcconnell,georgepamela@example.net,2025-02-09T22:33:04
98,Joseph Young,andrewyoder@example.net,2025-06-19T18:59:12
99,Steven Hawkins,mmartin@example.com,2024-09-13T08:44:14
100,Charles Hill,codypark@example.org,2024-08-22T13:21:31
